Student,al,ban,aban@yah,Freshman,3.4
Address,1232,W third ,Los Angeles,CS,9302
Phone,Cell,324-829-8292
Faculty,Vant,Yield,vyield@yahoo.com,Lonter Hall,2323.00,2-3,Intern
Address,2322,,St. ,Los Angeles,CA,3902
Phone,Cell,232-382-3892
Staff,Dank,Gen,dgen@yahoo.com,Bent Hall,2322.22,Lead
Address,2425,13,St. ,Beverly Hills,CA,9032
Phone,Cell,253-382-3822
Student,al,ban,abab,freshman,2.3
Address,2233,,a ,la,ca,9292
Phone,cell,242-282-2822
Faculty,Xan,Lan,xlan@yahoo.com,Neter,3,000,000,2-10,Wealthy
Address,2122,,St. ,Los Angeles,CA,2222
Phone,Cell,242-283-2833
Student,Henry,Guevara,hguevara,Senior,4.1
Address,1212,,vgvd ,la,ca,0202
Phone,Cell,232-232-2233
Student,z,x,c,freshman,2.3
Address,1,,z ,la,ca,3738
Phone,cell,52-293-22
Student,q,q,q,freshman,2.3
Address,1,,q ,q,q,1111
Phone,Cell,324-28-29
Student,can,xaz,cxaz@yahoo,freshman,3.6
Address,23,13,e ,la,ca,9088
Phone,cell,334-889-0987
Student,b,b,b,freshman,2.3
Address,5,55,b ,b,b,5555
Phone,b,555-555-5555
Student,z,z,z,freh,4.5
Address,1,21,z ,z,z,1111
Phone,cell,232-222-2323
Student,dan,ban,dban,freshman,2.3
Address,1221,52,W ,la,ca,2111
Phone,cell,121-122-2222
Student,van,ban,dban,freshman,2.3
Address,1221,,W ,la,ca,2111
Phone,cell,121-122-2222
Student,jack,hurley,jhurley@yahoo.com,freshman,3.2
Address,1211,23,W ,la,ca,1990
Phone,Cell,738-733-2933
Student,Dack,hurley,jhurley@yahoo.com,freshman,3.2
Address,1211,W ,la,ca,1990
Phone,Cell,738-733-2933
